Country,Year,Water Stress (%)
Afghanistan,2016,54.757019438
Afghanistan,2017,54.757019438
Afghanistan,2018,54.757019438
Afghanistan,2019,54.757019438
Afghanistan,2020,54.757019438
Afghanistan,2021,54.757019438
Afghanistan,2022,54.757019438
Albania,2016,6.5625
Albania,2017,6.556490385
Albania,2018,5.757211539
Albania,2019,6.796875
Albania,2020,4.723557692
Albania,2021,4.783653846
Albania,2022,4.789663461
Algeria,2016,129.871957225
Algeria,2017,137.920360208
Algeria,2018,141.799165142
Algeria,2019,145.677970077
Algeria,2020,149.556775011
Algeria,2021,140.59378078
Algeria,2022,144.814971155
Angola,2016,1.871883289
Angola,2017,1.871883289
Angola,2018,1.871883289
Angola,2019,1.871883289
Angola,2020,1.871883289
Angola,2021,1.871883289
Angola,2022,1.871883289
Antigua and Barbuda,2016,8.461538461
Antigua and Barbuda,2017,8.461538461
Antigua and Barbuda,2018,8.461538461
Antigua and Barbuda,2019,8.461538461
Antigua and Barbuda,2020,8.461538461
Antigua and Barbuda,2021,8.461538461
Antigua and Barbuda,2022,8.461538461
Argentina,2016,10.456664077
Argentina,2017,10.456664077
Argentina,2018,10.456664077
Argentina,2019,10.456664077
Argentina,2020,10.456664077
Argentina,2021,10.456664077
Argentina,2022,10.456664077
Armenia,2016,64.171878152
Armenia,2017,57.89792213
Armenia,2018,54.750857373
Armenia,2019,57.79705467
Armenia,2020,57.090982449
Armenia,2021,59.854750857
Armenia,2022,61.972967521
Australia,2016,4.271411339
Australia,2017,4.84866963
Australia,2018,4.957780458
Australia,2019,4.246079614
Australia,2020,3.369521512
Australia,2021,4.44712505
Australia,2022,4.672295939
Australia and New Zealand,2016,5.624288321
Australia and New Zealand,2017,6.018202898
Australia and New Zealand,2018,6.092658902
Australia and New Zealand,2019,5.607002236
Australia and New Zealand,2020,5.008848829
Australia and New Zealand,2021,5.744193385
Australia and New Zealand,2022,5.897847471
Austria,2016,8.998802616
Austria,2017,8.891345062
Austria,2018,8.783887507
Austria,2019,8.676429953
Austria,2020,8.676429953
Austria,2021,8.676429953
Austria,2022,8.676429953
Azerbaijan,2016,52.45308015
Azerbaijan,2017,53.52174873
Azerbaijan,2018,53.729300066
Azerbaijan,2019,55.597262089
Azerbaijan,2020,53.888628836
Azerbaijan,2021,57.265886509
Azerbaijan,2022,57.527047913
Bahrain,2016,133.706896552
Bahrain,2017,133.706896552
Bahrain,2018,133.706896552
Bahrain,2019,133.706896552
Bahrain,2020,133.706896552
Bahrain,2021,133.706896552
Bahrain,2022,133.706896552
Bangladesh,2016,5.723339482
Bangladesh,2017,5.723339482
Bangladesh,2018,5.723339482
Bangladesh,2019,5.723339482
Bangladesh,2020,5.723339482
Bangladesh,2021,5.723339482
Bangladesh,2022,5.723339482
Barbados,2016,87.5
Barbados,2017,87.5
Barbados,2018,87.5
Barbados,2019,87.5
Barbados,2020,87.5
Barbados,2021,87.5
Barbados,2022,87.5
Belarus,2016,4.782465392
Belarus,2017,4.614370468
Belarus,2018,4.581410679
Belarus,2019,4.475939354
Belarus,2020,4.377059987
Belarus,2021,4.696769941
Belarus,2022,4.660514173
Belgium,2016,51.511551904
Belgium,2017,53.956764742
Belgium,2018,51.28992629
Belgium,2019,51.584766585
Belgium,2020,52.169836155
Belgium,2021,52.825742252
Belgium,2022,52.825742252
Belize,2016,1.260294485
Belize,2017,1.260294485
Belize,2018,1.260294485
Belize,2019,1.260294485
Belize,2020,1.260294485
Belize,2021,1.260294485
Belize,2022,1.260294485
Benin,2016,0.975243811
Benin,2017,0.975243811
Benin,2018,0.975243811
Benin,2019,0.975243811
Benin,2020,0.975243811
Benin,2021,0.975243811
Benin,2022,0.975243811
Bhutan,2016,1.413807531
Bhutan,2017,1.413807531
Bhutan,2018,1.413807531
Bhutan,2019,1.413807531
Bhutan,2020,1.413807531
Bhutan,2021,1.413807531
Bhutan,2022,1.413807531
Bolivia (Plurinational State of),2016,1.222877723
Bolivia (Plurinational State of),2017,1.229431522
Bolivia (Plurinational State of),2018,1.235985321
Bolivia (Plurinational State of),2019,1.242539121
Bolivia (Plurinational State of),2020,0.207365543
Bolivia (Plurinational State of),2021,0.202979589
Bolivia (Plurinational State of),2022,0.202979589
Bosnia and Herzegovina,2016,2.786188579
Bosnia and Herzegovina,2017,2.662018592
Bosnia and Herzegovina,2018,2.071713147
Bosnia and Herzegovina,2019,2.028552457
Bosnia and Herzegovina,2020,2.000531208
Bosnia and Herzegovina,2021,2.03187251
Bosnia and Herzegovina,2022,2.071713147
Botswana,2016,2.104987975
Botswana,2017,2.018195127
Botswana,2018,2.133221792
Botswana,2019,2.112307853
Botswana,2020,2.305004706
Botswana,2021,2.442973031
Botswana,2022,2.230009819
Brazil,2016,3.135224586
Brazil,2017,3.105437352
Brazil,2018,1.464112726
Brazil,2019,1.484808454
Brazil,2020,1.47688177
Brazil,2021,1.481946279
Brazil,2022,1.495816821
Brunei Darussalam,2016,3.466465712
Brunei Darussalam,2017,3.466465712
Brunei Darussalam,2018,3.466465712
Brunei Darussalam,2019,3.466465712
Brunei Darussalam,2020,3.466465712
Brunei Darussalam,2021,3.466465712
Brunei Darussalam,2022,3.466465712
Bulgaria,2016,42.05041023
Bulgaria,2017,41.821272821
Bulgaria,2018,40.099046493
Bulgaria,2019,40.076871905
Bulgaria,2020,36.728509129
Bulgaria,2021,38.52465075
Bulgaria,2022,40.235300924
Burkina Faso,2016,7.820267686
Burkina Faso,2017,7.820267686
Burkina Faso,2018,7.820267686
Burkina Faso,2019,7.820267686
Burkina Faso,2020,7.820267686
Burkina Faso,2021,7.820267686
Burkina Faso,2022,7.820267686
Burundi,2016,10.19286754
Burundi,2017,10.19286754
Burundi,2018,10.19286754
Burundi,2019,10.19286754
Burundi,2020,10.19286754
Burundi,2021,10.19286754
Burundi,2022,10.19286754
Cabo Verde,2016,39.652858556
Cabo Verde,2017,42.020933482
Cabo Verde,2018,44.389008407
Cabo Verde,2019,48.95751
Cabo Verde,2020,68.943736667
Cabo Verde,2021,57.177506667
Cabo Verde,2022,59.68371
Cambodia,2016,1.03654485
Cambodia,2017,1.03654485
Cambodia,2018,1.03654485
Cambodia,2019,1.03654485
Cambodia,2020,1.03654485
Cambodia,2021,1.03654485
Cambodia,2022,1.03654485
Cameroon,2016,1.560430107
Cameroon,2017,1.560430107
Cameroon,2018,1.560430107
Cameroon,2019,1.560430107
Cameroon,2020,1.560430107
Cameroon,2021,1.560430107
Cameroon,2022,1.560430107
Canada,2016,3.706642636
Canada,2017,3.733573635
Canada,2018,3.733573635
Canada,2019,3.733573635
Canada,2020,3.733573635
Canada,2021,3.720700309
Canada,2022,3.720700309
Central African Republic,2016,0.335648148
Central African Republic,2017,0.335648148
Central African Republic,2018,0.335648148
Central African Republic,2019,0.335648148
Central African Republic,2020,0.335648148
Central African Republic,2021,0.335648148
Central African Republic,2022,0.335648148
Central Asia,2016,75.413655777
Central Asia,2017,78.62953866
Central Asia,2018,77.331694635
Central Asia,2019,76.489925815
Central Asia,2020,74.402771298
Central Asia,2021,69.67652571
Central Asia,2022,70.206729529
Central and Southern Asia,2016,71.312577389
Central and Southern Asia,2017,71.647239621
Central and Southern Asia,2018,71.064922957
Central and Southern Asia,2019,70.002793428
Central and Southern Asia,2020,70.574456203
Central and Southern Asia,2021,69.761307367
Central and Southern Asia,2022,69.510381072
Chad,2016,4.294921875
Chad,2017,4.294921875
Chad,2018,4.294921875
Chad,2019,4.294921875
Chad,2020,4.294921875
Chad,2021,4.294921875
Chad,2022,4.294921875
Chile,2016,8.982121089
Chile,2017,8.982121089
Chile,2018,8.982121089
Chile,2019,8.982121089
Chile,2020,8.982121089
Chile,2021,8.982121089
Chile,2022,8.982121089
China,2016,44.11416719
China,2017,43.544499788
China,2018,43.302756314
China,2019,43.212193804
China,2020,41.518528797
China,2021,41.518528797
China,2022,41.518528797
Colombia,2016,3.002875749
Colombia,2017,3.154613772
Colombia,2018,3.204803892
Colombia,2019,3.272073353
Colombia,2020,3.392555389
Colombia,2021,3.52426497
Colombia,2022,3.632281437
Comoros,2016,0.833333333
Comoros,2017,0.833333333
Comoros,2018,0.833333333
Comoros,2019,0.833333333
Comoros,2020,0.833333333
Comoros,2021,0.833333333
Comoros,2022,0.833333333
Congo,2016,0.027446301
Congo,2017,0.027446301
Congo,2018,0.027446301
Congo,2019,0.027446301
Congo,2020,0.027446301
Congo,2021,0.027446301
Congo,2022,0.027446301
Costa Rica,2016,4.987559727
Costa Rica,2017,4.163822526
Costa Rica,2018,5.211023891
Costa Rica,2019,5.355170648
Costa Rica,2020,5.351672355
Costa Rica,2021,5.881962457
Costa Rica,2022,5.881962457
Croatia,2016,1.415320142
Croatia,2017,1.502830147
Croatia,2018,1.486674077
Croatia,2019,1.493997332
Croatia,2020,1.462872388
Croatia,2021,1.47843486
Croatia,2022,1.509559804
Cuba,2016,23.939446069
Cuba,2017,23.939446069
Cuba,2018,23.939446069
Cuba,2019,23.939446069
Cuba,2020,23.939446069
Cuba,2021,23.939446069
Cuba,2022,23.939446069
Cyprus,2016,29.797703663
Cyprus,2017,29.524330235
Cyprus,2018,28.294149809
Cyprus,2019,27.610716238
Cyprus,2020,31.574630946
Cyprus,2021,32.121377802
Cyprus,2022,30.481137234
Czechia,2016,24.860097324
Czechia,2017,24.787104623
Czechia,2018,24.178832117
Czechia,2019,22.901459854
Czechia,2020,20.772506083
Czechia,2021,20.513990268
Czechia,2022,21.973844282
Côte d'Ivoire,2016,5.087565674
Côte d'Ivoire,2017,5.087565674
Côte d'Ivoire,2018,5.087565674
Côte d'Ivoire,2019,5.087565674
Côte d'Ivoire,2020,5.087565674
Côte d'Ivoire,2021,5.087565674
Côte d'Ivoire,2022,5.087565674
Democratic People's Republic of Korea,2016,27.740467799
Democratic People's Republic of Korea,2017,27.740467799
Democratic People's Republic of Korea,2018,27.740467799
Democratic People's Republic of Korea,2019,27.740467799
Democratic People's Republic of Korea,2020,27.740467799
Democratic People's Republic of Korea,2021,27.740467799
Democratic People's Republic of Korea,2022,27.740467799
Democratic Republic of the Congo,2016,0.226883505
Democratic Republic of the Congo,2017,0.226883505
Democratic Republic of the Congo,2018,0.226883505
Democratic Republic of the Congo,2019,0.226883505
Democratic Republic of the Congo,2020,0.226883505
Democratic Republic of the Congo,2021,0.226883505
Democratic Republic of the Congo,2022,0.226883505
Denmark,2016,23.985803137
Denmark,2017,24.22385073
Denmark,2018,29.903109789
Denmark,2019,25.570416441
Denmark,2020,25.615927528
Denmark,2021,25.937398594
Denmark,2022,25.266360195
Djibouti,2016,6.333333333
Djibouti,2017,6.333333333
Djibouti,2018,6.333333333
Djibouti,2019,6.333333333
Djibouti,2020,6.333333333
Djibouti,2021,6.333333333
Djibouti,2022,6.333333333
Dominica,2016,10.0
Dominica,2017,10.0
Dominica,2018,10.0
Dominica,2019,10.0
Dominica,2020,10.0
Dominica,2021,10.0
Dominica,2022,10.0
Dominican Republic,2016,39.553314121
Dominican Republic,2017,39.553314121
Dominican Republic,2018,39.553314121
Dominican Republic,2019,39.553314121
Dominican Republic,2020,39.553314121
Dominican Republic,2021,39.553314121
Dominican Republic,2022,39.553314121
Eastern Asia,2016,46.430442615
Eastern Asia,2017,45.903143427
Eastern Asia,2018,45.677433652
Eastern Asia,2019,45.552682381
Eastern Asia,2020,44.145050767
Eastern Asia,2021,44.145050767
Eastern Asia,2022,44.145050767
Eastern and South-Eastern Asia,2016,31.33721491
Eastern and South-Eastern Asia,2017,31.241866336
Eastern and South-Eastern Asia,2018,31.160996116
Eastern and South-Eastern Asia,2019,30.95414382
Eastern and South-Eastern Asia,2020,30.431115283
Eastern and South-Eastern Asia,2021,30.466327564
Eastern and South-Eastern Asia,2022,30.51470262
Ecuador,2016,6.782352941
Ecuador,2017,6.782352941
Ecuador,2018,6.782352941
Ecuador,2019,6.782352941
Ecuador,2020,6.782352941
Ecuador,2021,6.782352941
Ecuador,2022,6.782352941
Egypt,2016,110.473588342
Egypt,2017,141.16575592
Egypt,2018,141.16575592
Egypt,2019,141.16575592
Egypt,2020,141.16575592
Egypt,2021,141.16575592
Egypt,2022,141.16575592
El Salvador,2016,12.488257
El Salvador,2017,12.422396169
El Salvador,2018,12.356535338
El Salvador,2019,12.290674507
El Salvador,2020,12.224813677
El Salvador,2021,12.158952846
El Salvador,2022,12.093092015
Equatorial Guinea,2016,0.183503244
Equatorial Guinea,2017,0.183503244
Equatorial Guinea,2018,0.183503244
Equatorial Guinea,2019,0.183503244
Equatorial Guinea,2020,0.183503244
Equatorial Guinea,2021,0.183503244
Equatorial Guinea,2022,0.183503244
Eritrea,2016,11.175115207
Eritrea,2017,11.175115207
Eritrea,2018,11.175115207
Eritrea,2019,11.175115207
Eritrea,2020,11.175115207
Eritrea,2021,11.175115207
Eritrea,2022,11.175115207
Estonia,2016,18.954545454
Estonia,2017,19.317099567
Estonia,2018,17.408441558
Estonia,2019,10.892316017
Estonia,2020,9.231085498
Estonia,2021,10.819801331
Estonia,2022,13.046285195
Eswatini,2016,77.559912854
Eswatini,2017,77.559912854
Eswatini,2018,77.559912854
Eswatini,2019,77.559912854
Eswatini,2020,77.559912854
Eswatini,2021,77.559912854
Eswatini,2022,77.559912854
Ethiopia,2016,32.262996942
Ethiopia,2017,32.257186544
Ethiopia,2018,32.257186544
Ethiopia,2019,32.257186544
Ethiopia,2020,32.257186544
Ethiopia,2021,32.257186544
Ethiopia,2022,32.257186544
Europe,2016,8.410646244
Europe,2017,8.521092273
Europe,2018,8.51181961
Europe,2019,8.429022801
Europe,2020,8.329502859
Europe,2021,8.33856019
Europe,2022,8.275784035
Europe and Northern America,2016,12.319839813
Europe and Northern America,2017,12.384635901
Europe and Northern America,2018,12.394916091
Europe and Northern America,2019,12.349490219
Europe and Northern America,2020,12.318073705
Europe and Northern America,2021,12.321026644
Europe and Northern America,2022,12.286589736
Fiji,2016,0.29737303
Fiji,2017,0.29737303
Fiji,2018,0.29737303
Fiji,2019,0.29737303
Fiji,2020,0.29737303
Fiji,2021,0.29737303
Fiji,2022,0.29737303
Finland,2016,5.454114299
Finland,2017,5.454114299
Finland,2018,6.639791321
Finland,2019,7.114062129
Finland,2020,7.114062129
Finland,2021,7.114062129
Finland,2022,7.114062129
France,2016,23.142782106
France,2017,23.589249759
France,2018,23.569048683
France,2019,22.94676191
France,2020,21.598137074
France,2021,21.384627156
France,2022,21.384627156
Gabon,2016,0.502166065
Gabon,2017,0.502166065
Gabon,2018,0.502166065
Gabon,2019,0.502166065
Gabon,2020,0.502166065
Gabon,2021,0.502166065
Gabon,2022,0.502166065
Gambia,2016,2.209656372
Gambia,2017,2.209656372
Gambia,2018,2.209656372
Gambia,2019,2.209656372
Gambia,2020,2.209656372
Gambia,2021,2.209656372
Gambia,2022,2.209656372
Georgia,2016,5.173127036
Georgia,2017,4.477296417
Georgia,2018,4.205602606
Georgia,2019,5.120977199
Georgia,2020,5.386710098
Georgia,2021,5.240977199
Georgia,2022,4.212964169
Germany,2016,33.50191886
Germany,2017,38.032351974
Germany,2018,36.898484101
Germany,2019,35.351657072
Germany,2020,35.351657072
Germany,2021,35.351657072
Germany,2022,35.351657072
Ghana,2016,6.314734089
Ghana,2017,6.314734089
Ghana,2018,6.314734089
Ghana,2019,6.314734089
Ghana,2020,6.314734089
Ghana,2021,6.314734089
Ghana,2022,6.314734089
Greece,2016,20.505765729
Greece,2017,20.501719603
Greece,2018,20.477442849
Greece,2019,20.463281408
Greece,2020,20.477442849
Greece,2021,20.406635646
Greece,2022,20.32571313
Grenada,2016,7.05
Grenada,2017,7.05
Grenada,2018,7.05
Grenada,2019,7.05
Grenada,2020,7.05
Grenada,2021,7.05
Grenada,2022,7.05
Guatemala,2016,5.742097081
Guatemala,2017,5.742097081
Guatemala,2018,5.742097081
Guatemala,2019,5.742097081
Guatemala,2020,5.742097081
Guatemala,2021,5.742097081
Guatemala,2022,5.742097081
Guinea,2016,1.29443787
Guinea,2017,1.331834319
Guinea,2018,1.369230769
Guinea,2019,1.369230769
Guinea,2020,1.369230769
Guinea,2021,1.369230769
Guinea,2022,1.369230769
Guinea-Bissau,2016,1.495726496
Guinea-Bissau,2017,1.495726496
Guinea-Bissau,2018,1.495726496
Guinea-Bissau,2019,1.495726496
Guinea-Bissau,2020,1.495726496
Guinea-Bissau,2021,1.495726496
Guinea-Bissau,2022,1.495726496
Guyana,2016,3.298401827
Guyana,2017,3.298401827
Guyana,2018,3.298401827
Guyana,2019,3.298401827
Guyana,2020,3.298401827
Guyana,2021,3.298401827
Guyana,2022,3.298401827
Haiti,2016,13.383791767
Haiti,2017,13.383791767
Haiti,2018,13.383791767
Haiti,2019,13.383791767
Haiti,2020,13.383791767
Haiti,2021,13.383791767
Haiti,2022,13.383791767
Honduras,2016,4.621268764
Honduras,2017,4.621268764
Honduras,2018,4.621268764
Honduras,2019,4.621268764
Honduras,2020,4.621268764
Honduras,2021,4.621268764
Honduras,2022,4.621268764
Hungary,2016,6.837651123
Hungary,2017,8.180518135
Hungary,2018,8.494752155
Hungary,2019,7.708246977
Hungary,2020,7.739896373
Hungary,2021,7.718307427
Hungary,2022,8.108497409
Iceland,2016,0.353308874
Iceland,2017,0.394075282
Iceland,2018,0.394075282
Iceland,2019,0.394075282
Iceland,2020,0.394075282
Iceland,2021,0.394075282
Iceland,2022,0.394075282
India,2016,66.492092832
India,2017,66.492092832
India,2018,66.492092832
India,2019,66.492092832
India,2020,66.492092832
India,2021,66.492092832
India,2022,66.492092832
Indonesia,2016,29.696545285
Indonesia,2017,29.696545285
Indonesia,2018,29.696545285
Indonesia,2019,29.696545285
Indonesia,2020,29.696545285
Indonesia,2021,29.696545285
Indonesia,2022,29.696545285
Iran (Islamic Republic of),2016,81.289081289
Iran (Islamic Republic of),2017,81.289081289
Iran (Islamic Republic of),2018,81.289081289
Iran (Islamic Republic of),2019,81.289081289
Iran (Islamic Republic of),2020,81.289081289
Iran (Islamic Republic of),2021,81.289081289
Iran (Islamic Republic of),2022,81.289081289
Iraq,2016,54.087078652
Iraq,2017,60.481741573
Iraq,2018,47.140449438
Iraq,2019,79.519662921
Iraq,2020,63.258426966
Iraq,2021,59.583848315
Iraq,2022,59.583848315
Ireland,2016,6.150679072
Ireland,2017,6.508929526
Ireland,2018,6.867179981
Ireland,2019,7.40134745
Ireland,2020,7.430221367
Ireland,2021,7.60827719
Ireland,2022,8.051010587
Israel,2016,103.442325943
Israel,2017,103.614873609
Israel,2018,95.936502459
Israel,2019,100.422741782
Israel,2020,110.085411095
Israel,2021,131.998964714
Israel,2022,129.669571219
Italy,2016,29.842639097
Italy,2017,29.761834131
Italy,2018,29.681029166
Italy,2019,29.82201075
Italy,2020,29.798220108
Italy,2021,29.739289805
Italy,2022,29.767380386
Jamaica,2016,12.473436201
Jamaica,2017,12.343960016
Jamaica,2018,12.214483831
Jamaica,2019,12.085007646
Jamaica,2020,11.046430785
Jamaica,2021,12.382818879
Jamaica,2022,12.382818879
Japan,2016,36.643678161
Japan,2017,36.459770115
Japan,2018,36.367816092
Japan,2019,36.045977011
Japan,2020,36.643678161
Japan,2021,36.643678161
Japan,2022,36.643678161
Jordan,2016,100.077527965
Jordan,2017,100.443016945
Jordan,2018,102.226160151
Jordan,2019,104.312769964
Jordan,2020,106.049396389
Jordan,2021,102.51633625
Jordan,2022,105.202126481
Kazakhstan,2016,30.001386963
Kazakhstan,2017,31.140083218
Kazakhstan,2018,32.651872399
Kazakhstan,2019,32.615811373
Kazakhstan,2020,34.098474341
Kazakhstan,2021,34.004160888
Kazakhstan,2022,34.626907073
Kenya,2016,33.239901072
Kenya,2017,33.239901072
Kenya,2018,33.239901072
Kenya,2019,33.239901072
Kenya,2020,33.239901072
Kenya,2021,33.239901072
Kenya,2022,33.239901072
Kuwait,2016,3575.0
Kuwait,2017,3850.5
Kuwait,2018,3850.5
Kuwait,2019,3850.5
Kuwait,2020,3850.5
Kuwait,2021,3850.5
Kuwait,2022,3850.5
Kyrgyzstan,2016,50.03895598
Kyrgyzstan,2017,50.03895598
Kyrgyzstan,2018,50.03895598
Kyrgyzstan,2019,50.03895598
Kyrgyzstan,2020,50.03895598
Kyrgyzstan,2021,50.03895598
Kyrgyzstan,2022,50.03895598
Land Locked Developing Countries,2016,15.045091976
Land Locked Developing Countries,2017,15.410647916
Land Locked Developing Countries,2018,15.388735722
Land Locked Developing Countries,2019,15.343120328
Land Locked Developing Countries,2020,14.979713201
Land Locked Developing Countries,2021,14.510580592
Land Locked Developing Countries,2022,14.625247655
Lao People's Democratic Republic,2016,4.993481095
Lao People's Democratic Republic,2017,4.771838331
Lao People's Democratic Republic,2018,4.771838331
Lao People's Democratic Republic,2019,4.791395046
Lao People's Democratic Republic,2020,4.791395046
Lao People's Democratic Republic,2021,4.791395046
Lao People's Democratic Republic,2022,4.791395046
Latin America and the Caribbean,2016,5.787072489
Latin America and the Caribbean,2017,5.845191294
Latin America and the Caribbean,2018,5.854865485
Latin America and the Caribbean,2019,5.906773957
Latin America and the Caribbean,2020,5.885975351
Latin America and the Caribbean,2021,5.692132608
Latin America and the Caribbean,2022,5.734901902
Latvia,2016,1.095214302
Latvia,2017,1.067280854
Latvia,2018,1.080430171
Latvia,2019,1.052616382
Latvia,2020,1.067831467
Latvia,2021,1.086918091
Latvia,2022,1.015521509
Least Developed Countries,2016,7.017379673
Least Developed Countries,2017,7.001598519
Least Developed Countries,2018,7.053201569
Least Developed Countries,2019,7.062182815
Least Developed Countries,2020,7.062182815
Least Developed Countries,2021,7.062182815
Least Developed Countries,2022,7.062182815
Lebanon,2016,58.792991564
Lebanon,2017,58.792991564
Lebanon,2018,58.792991564
Lebanon,2019,58.792991564
Lebanon,2020,58.792991564
Lebanon,2021,58.792991564
Lebanon,2022,58.792991564
Lesotho,2016,2.565905097
Lesotho,2017,2.565905097
Lesotho,2018,2.565905097
Lesotho,2019,2.565905097
Lesotho,2020,2.565905097
Lesotho,2021,2.565905097
Lesotho,2022,2.565905097
Liberia,2016,0.264311594
Liberia,2017,0.264311594
Liberia,2018,0.264311594
Liberia,2019,0.264311594
Liberia,2020,0.264311594
Liberia,2021,0.264311594
Liberia,2022,0.264311594
Libya,2016,817.142857143
Libya,2017,817.142857143
Libya,2018,817.142857143
Libya,2019,817.142857143
Libya,2020,817.142857143
Libya,2021,817.142857143
Libya,2022,817.142857143
Lithuania,2016,2.219899063
Lithuania,2017,1.867339582
Lithuania,2018,1.834102379
Lithuania,2019,2.363266042
Lithuania,2020,2.892429704
Lithuania,2021,2.558255227
Lithuania,2022,2.165537131
Luxembourg,2016,3.68159204
Luxembourg,2017,3.781094527
Luxembourg,2018,4.328358209
Luxembourg,2019,4.087893864
Luxembourg,2020,3.963515755
Luxembourg,2021,3.816749585
Luxembourg,2022,3.95854063
Madagascar,2016,11.261506276
Madagascar,2017,11.261506276
Madagascar,2018,11.261506276
Madagascar,2019,11.261506276
Madagascar,2020,11.261506276
Madagascar,2021,11.261506276
Madagascar,2022,11.261506276
Malawi,2016,17.504838085
Malawi,2017,17.504838085
Malawi,2018,17.504838085
Malawi,2019,17.504838085
Malawi,2020,17.504838085
Malawi,2021,17.504838085
Malawi,2022,17.504838085
Malaysia,2016,3.36
Malaysia,2017,3.439487179
Malaysia,2018,3.439487179
Malaysia,2019,3.439487179
Malaysia,2020,3.439487179
Malaysia,2021,3.439487179
Malaysia,2022,3.439487179
Maldives,2016,15.666666667
Maldives,2017,15.666666667
Maldives,2018,15.666666667
Maldives,2019,15.666666667
Maldives,2020,15.666666667
Maldives,2021,15.666666667
Maldives,2022,15.666666667
Mali,2016,8.00308642
Mali,2017,8.00308642
Mali,2018,8.00308642
Mali,2019,8.00308642
Mali,2020,8.00308642
Mali,2021,8.00308642
Mali,2022,8.00308642
Malta,2016,82.97029703
Malta,2017,91.089108911
Malta,2018,84.62300297
Malta,2019,80.660965148
Malta,2020,81.777156436
Malta,2021,78.467213861
Malta,2022,72.600007921
Mauritania,2016,13.246217332
Mauritania,2017,13.246217332
Mauritania,2018,13.246217332
Mauritania,2019,13.246217332
Mauritania,2020,13.246217332
Mauritania,2021,13.246217332
Mauritania,2022,13.246217332
Mauritius,2016,22.537259179
Mauritius,2017,22.173754998
Mauritius,2018,21.483097056
Mauritius,2019,21.628498728
Mauritius,2020,22.064703744
Mauritius,2021,21.95565249
Mauritius,2022,22.973464195
Mexico,2016,32.475955407
Mexico,2017,32.949720167
Mexico,2018,44.462684177
Mexico,2019,44.718429693
Mexico,2020,44.817024343
Mexico,2021,45.015214606
Mexico,2022,44.945147341
Mongolia,2016,3.395007342
Mongolia,2017,3.395007342
Mongolia,2018,3.395007342
Mongolia,2019,3.395007342
Mongolia,2020,3.395007342
Mongolia,2021,3.395007342
Mongolia,2022,3.395007342
Morocco,2016,50.751212019
Morocco,2017,50.751212019
Morocco,2018,50.751212019
Morocco,2019,50.751212019
Morocco,2020,50.751212019
Morocco,2021,50.751212019
Morocco,2022,50.751212019
Mozambique,2016,1.751486326
Mozambique,2017,1.751486326
Mozambique,2018,1.751486326
Mozambique,2019,1.751486326
Mozambique,2020,1.751486326
Mozambique,2021,1.751486326
Mozambique,2022,1.751486326
Myanmar,2016,5.801501397
Myanmar,2017,5.801501397
Myanmar,2018,5.801501397
Myanmar,2019,5.801501397
Myanmar,2020,5.801501397
Myanmar,2021,5.801501397
Myanmar,2022,5.801501397
Namibia,2016,0.472928042
Namibia,2017,0.445169147
Namibia,2018,0.417410253
Namibia,2019,0.392081971
Namibia,2020,0.364466054
Namibia,2021,0.314668328
Namibia,2022,0.314668328
Nepal,2016,8.311832662
Nepal,2017,8.311832662
Nepal,2018,8.311832662
Nepal,2019,8.311832662
Nepal,2020,8.311832662
Nepal,2021,8.311832662
Nepal,2022,8.311832662
Netherlands (Kingdom of the),2016,15.233339662
Netherlands (Kingdom of the),2017,15.02980824
Netherlands (Kingdom of the),2018,16.366983613
Netherlands (Kingdom of the),2019,17.000606919
Netherlands (Kingdom of the),2020,16.803560591
Netherlands (Kingdom of the),2021,16.075662553
Netherlands (Kingdom of the),2022,16.65850698
New Zealand,2016,8.04808476
New Zealand,2017,8.04808476
New Zealand,2018,8.04808476
New Zealand,2019,8.04808476
New Zealand,2020,8.04808476
New Zealand,2021,8.04808476
New Zealand,2022,8.04808476
Nicaragua,2016,2.367519666
Nicaragua,2017,2.318646514
Nicaragua,2018,2.269773362
Nicaragua,2019,2.219818562
Nicaragua,2020,2.220900209
Nicaragua,2021,2.220900209
Nicaragua,2022,2.220900209
Niger,2016,7.453924915
Niger,2017,6.746113481
Niger,2018,10.373340444
Niger,2019,11.020937713
Niger,2020,11.020937713
Niger,2021,11.020937713
Niger,2022,11.020937713
Nigeria,2016,9.668217054
Nigeria,2017,9.668217054
Nigeria,2018,9.668217054
Nigeria,2019,9.668217054
Nigeria,2020,9.668217054
Nigeria,2021,9.668217054
Nigeria,2022,9.668217054
North Macedonia,2016,25.261955469
North Macedonia,2017,38.69232817
North Macedonia,2018,52.122700871
North Macedonia,2019,38.70232333
North Macedonia,2020,34.846321394
North Macedonia,2021,37.932962246
North Macedonia,2022,52.553242982
Northern Africa,2016,104.799146839
Northern Africa,2017,120.247140632
Northern Africa,2018,120.722893154
Northern Africa,2019,120.98117897
Northern Africa,2020,121.292136148
Northern Africa,2021,120.720752334
Northern Africa,2022,120.989849891
Northern Africa and Western Asia,2016,73.835272604
Northern Africa and Western Asia,2017,79.428280193
Northern Africa and Western Asia,2018,77.738554185
Northern Africa and Western Asia,2019,84.429810994
Northern Africa and Western Asia,2020,81.360143341
Northern Africa and Western Asia,2021,79.791916632
Northern Africa and Western Asia,2022,81.412621373
Northern America,2016,20.173388042
Northern America,2017,20.184371773
Northern America,2018,20.184371773
Northern America,2019,20.184371773
Northern America,2020,20.184371773
Northern America,2021,20.179121424
Northern America,2022,20.179121424
Norway,2016,2.013604563
Norway,2017,2.046106464
Norway,2018,2.044449925
Norway,2019,2.042937874
Norway,2020,2.041311754
Norway,2021,2.009498099
Norway,2022,2.044007605
Oceania,2016,3.029357689
Oceania,2017,3.236703159
Oceania,2018,3.27589469
Oceania,2019,3.020258784
Oceania,2020,2.705407783
Oceania,2021,3.092472317
Oceania,2022,3.173351473
Oceania (excluding Australia and New Zealand),2016,0.155408256
Oceania (excluding Australia and New Zealand),2017,0.155408256
Oceania (excluding Australia and New Zealand),2018,0.155408256
Oceania (excluding Australia and New Zealand),2019,0.155408256
Oceania (excluding Australia and New Zealand),2020,0.155408256
Oceania (excluding Australia and New Zealand),2021,0.155408256
Oceania (excluding Australia and New Zealand),2022,0.155408256
Oman,2016,116.714285714
Oman,2017,116.714285714
Oman,2018,116.714285714
Oman,2019,116.714285714
Oman,2020,116.714285714
Oman,2021,116.714285714
Oman,2022,116.714285714
Pakistan,2016,122.550763757
Pakistan,2017,122.673455616
Pakistan,2018,118.238144899
Pakistan,2019,108.649776087
Pakistan,2020,116.305748114
Pakistan,2021,112.974664131
Pakistan,2022,109.993251948
Palestine,2016,40.022821281
Palestine,2017,41.07830552
Palestine,2018,42.747111682
Palestine,2019,47.011838539
Palestine,2020,50.26387106
Palestine,2021,47.753530167
Palestine,2022,48.11011268
Panama,2016,0.90107111
Panama,2017,0.90107111
Panama,2018,0.90107111
Panama,2019,0.90107111
Panama,2020,0.90107111
Panama,2021,0.90107111
Panama,2022,0.90107111
Papua New Guinea,2016,0.132242833
Papua New Guinea,2017,0.132242833
Papua New Guinea,2018,0.132242833
Papua New Guinea,2019,0.132242833
Papua New Guinea,2020,0.132242833
Papua New Guinea,2021,0.132242833
Papua New Guinea,2022,0.132242833
Paraguay,2016,1.835399711
Paraguay,2017,1.835399711
Paraguay,2018,1.835399711
Paraguay,2019,1.835399711
Paraguay,2020,1.835399711
Paraguay,2021,1.835399711
Paraguay,2022,1.835399711
Peru,2016,6.067548435
Peru,2017,6.510115499
Peru,2018,6.952682563
Peru,2019,7.181445604
Peru,2020,7.181445604
Peru,2021,4.576564829
Peru,2022,4.82842772
Philippines,2016,26.632528279
Philippines,2017,28.062146133
Philippines,2018,28.174200792
Philippines,2019,26.289976759
Philippines,2020,26.743280092
Philippines,2021,27.208915784
Philippines,2022,27.831517111
Poland,2016,35.614399446
Poland,2017,34.890965732
Poland,2018,33.222568363
Poland,2019,31.0971928
Poland,2020,30.0
Poland,2021,32.076843198
Poland,2022,32.485289027
Portugal,2016,17.170182841
Portugal,2017,12.379887482
Portugal,2018,12.315712276
Portugal,2019,12.315712276
Portugal,2020,12.315712276
Portugal,2021,12.315712276
Portugal,2022,12.315712276
Puerto Rico,2016,19.535610627
Puerto Rico,2017,19.535610627
Puerto Rico,2018,19.535610627
Puerto Rico,2019,19.535610627
Puerto Rico,2020,19.535610627
Puerto Rico,2021,19.535610627
Puerto Rico,2022,19.535610627
Qatar,2016,432.413793103
Qatar,2017,431.034482759
Qatar,2018,431.034482759
Qatar,2019,431.034482759
Qatar,2020,431.034482759
Qatar,2021,431.034482759
Qatar,2022,431.034482759
Republic of Korea,2016,85.221833041
Republic of Korea,2017,85.221833041
Republic of Korea,2018,85.221833041
Republic of Korea,2019,85.221833041
Republic of Korea,2020,85.221833041
Republic of Korea,2021,85.221833041
Republic of Korea,2022,85.221833041
Republic of Moldova,2016,12.503712504
Republic of Moldova,2017,12.474012474
Republic of Moldova,2018,12.429462429
Republic of Moldova,2019,12.459162459
Republic of Moldova,2020,12.563112563
Republic of Moldova,2021,12.563112563
Republic of Moldova,2022,12.563112563
Romania,2016,5.967606029
Romania,2017,6.341166557
Romania,2018,6.00692819
Romania,2019,6.547139781
Romania,2020,6.924445277
Romania,2021,7.362606497
Romania,2022,7.63130793
Russian Federation,2016,4.120334892
Russian Federation,2017,4.096168705
Russian Federation,2018,4.122242749
Russian Federation,2019,4.122242749
Russian Federation,2020,4.122242749
Russian Federation,2021,4.122242749
Russian Federation,2022,4.122242749
Rwanda,2016,17.396840612
Rwanda,2017,18.220410297
Rwanda,2018,19.043979983
Rwanda,2019,20.198675497
Rwanda,2020,20.198675497
Rwanda,2021,20.198675497
Rwanda,2022,20.198675497
Saint Kitts and Nevis,2016,50.833333333
Saint Kitts and Nevis,2017,50.833333333
Saint Kitts and Nevis,2018,50.833333333
Saint Kitts and Nevis,2019,50.833333333
Saint Kitts and Nevis,2020,50.833333333
Saint Kitts and Nevis,2021,50.833333333
Saint Kitts and Nevis,2022,50.833333333
Saint Lucia,2016,14.3
Saint Lucia,2017,14.3
Saint Lucia,2018,14.3
Saint Lucia,2019,14.3
Saint Lucia,2020,14.3
Saint Lucia,2021,14.3
Saint Lucia,2022,14.3
Saint Vincent and the Grenadines,2016,7.9
Saint Vincent and the Grenadines,2017,7.9
Saint Vincent and the Grenadines,2018,7.9
Saint Vincent and the Grenadines,2019,7.9
Saint Vincent and the Grenadines,2020,7.9
Saint Vincent and the Grenadines,2021,7.9
Saint Vincent and the Grenadines,2022,7.9
Sao Tome and Principe,2016,1.876146789
Sao Tome and Principe,2017,1.876146789
Sao Tome and Principe,2018,1.876146789
Sao Tome and Principe,2019,1.876146789
Sao Tome and Principe,2020,1.876146789
Sao Tome and Principe,2021,1.876146789
Sao Tome and Principe,2022,1.876146789
Saudi Arabia,2016,929.583333333
Saudi Arabia,2017,955.958333333
Saudi Arabia,2018,974.166666667
Saudi Arabia,2019,974.166666667
Saudi Arabia,2020,974.166666667
Saudi Arabia,2021,974.166666667
Saudi Arabia,2022,974.166666667
Senegal,2016,13.075988323
Senegal,2017,13.155802871
Senegal,2018,16.086124402
Senegal,2019,16.276448698
Senegal,2020,16.276448698
Senegal,2021,16.276448698
Senegal,2022,16.276448698
Serbia,2016,5.304181224
Serbia,2017,6.059957173
Serbia,2018,6.263383298
Serbia,2019,6.331567677
Serbia,2020,5.745520117
Serbia,2021,5.444607235
Serbia,2022,5.737631015
Sierra Leone,2016,0.495794393
Sierra Leone,2017,0.495794393
Sierra Leone,2018,0.495794393
Sierra Leone,2019,0.495794393
Sierra Leone,2020,0.495794393
Sierra Leone,2021,0.495794393
Sierra Leone,2022,0.495794393
Singapore,2016,84.966666667
Singapore,2017,83.216666667
Singapore,2018,81.383333333
Singapore,2019,82.166666667
Singapore,2020,83.116666667
Singapore,2021,58.185944667
Singapore,2022,33.255222667
Slovakia,2016,2.389414802
Slovakia,2017,2.393717728
Slovakia,2018,2.394578313
Slovakia,2019,2.403614458
Slovakia,2020,2.388123924
Slovakia,2021,2.436631239
Slovakia,2022,2.425230293
Slovenia,2016,5.999323868
Slovenia,2017,6.29749831
Slovenia,2018,6.497633536
Slovenia,2019,6.382691007
Slovenia,2020,6.781609195
Slovenia,2021,6.29479378
Slovenia,2022,5.591615957
Small Island Developing States,2016,3.672670891
Small Island Developing States,2017,3.668402648
Small Island Developing States,2018,3.662655025
Small Island Developing States,2019,3.663961909
Small Island Developing States,2020,3.658551038
Small Island Developing States,2021,3.651816628
Small Island Developing States,2022,3.634053831
Somalia,2016,24.527740592
Somalia,2017,24.527740592
Somalia,2018,24.527740592
Somalia,2019,24.527740592
Somalia,2020,24.527740592
Somalia,2021,24.527740592
Somalia,2022,24.527740592
South Africa,2016,60.967018892
South Africa,2017,62.055715658
South Africa,2018,62.888248479
South Africa,2019,64.040986231
South Africa,2020,65.033621518
South Africa,2021,66.890810118
South Africa,2022,67.595260967
South Sudan,2016,4.226075787
South Sudan,2017,4.226075787
South Sudan,2018,4.226075787
South Sudan,2019,4.226075787
South Sudan,2020,4.226075787
South Sudan,2021,4.226075787
South Sudan,2022,4.226075787
South-eastern Asia,2016,20.482699245
South-eastern Asia,2017,20.666138855
South-eastern Asia,2018,20.680694006
South-eastern Asia,2019,20.429794071
South-eastern Asia,2020,20.490730257
South-eastern Asia,2021,20.546960677
South-eastern Asia,2022,20.624210706
Southern Asia,2016,78.269220006
Southern Asia,2017,78.284579596
Southern Asia,2018,77.729330432
Southern Asia,2019,76.528978506
Southern Asia,2020,77.487416896
Southern Asia,2021,77.070404039
Southern Asia,2022,76.697166012
Spain,2016,42.564417178
Spain,2017,41.027948194
Spain,2018,40.09406953
Spain,2019,39.828902522
Spain,2020,43.25403923
Spain,2021,43.25403923
Spain,2022,43.25403923
Sri Lanka,2016,90.785413745
Sri Lanka,2017,90.785413745
Sri Lanka,2018,90.785413745
Sri Lanka,2019,90.785413745
Sri Lanka,2020,90.785413745
Sri Lanka,2021,90.785413745
Sri Lanka,2022,90.785413745
Sub-Saharan Africa,2016,5.989613267
Sub-Saharan Africa,2017,5.999974628
Sub-Saharan Africa,2018,6.12691527
Sub-Saharan Africa,2019,6.189687527
Sub-Saharan Africa,2020,6.253054671
Sub-Saharan Africa,2021,6.285108336
Sub-Saharan Africa,2022,6.299102941
Sudan,2016,118.656387665
Sudan,2017,118.656387665
Sudan,2018,118.656387665
Sudan,2019,118.656387665
Sudan,2020,118.656387665
Sudan,2021,118.656387665
Sudan,2022,118.656387665
Suriname,2016,3.950609365
Suriname,2017,3.950609365
Suriname,2018,3.950609365
Suriname,2019,3.950609365
Suriname,2020,3.950609365
Suriname,2021,3.950609365
Suriname,2022,3.950609365
Sweden,2016,3.458297258
Sweden,2017,3.48946609
Sweden,2018,3.520634921
Sweden,2019,3.551803752
Sweden,2020,3.582972583
Sweden,2021,3.582972583
Sweden,2022,3.582972583
Switzerland,2016,6.498855835
Switzerland,2017,6.498855835
Switzerland,2018,6.498855835
Switzerland,2019,6.498855835
Switzerland,2020,6.498855835
Switzerland,2021,6.498855835
Switzerland,2022,6.498855835
Syrian Arab Republic,2016,124.360138926
Syrian Arab Republic,2017,124.360138926
Syrian Arab Republic,2018,124.360138926
Syrian Arab Republic,2019,124.360138926
Syrian Arab Republic,2020,124.360138926
Syrian Arab Republic,2021,124.360138926
Syrian Arab Republic,2022,124.360138926
Tajikistan,2016,57.718696398
Tajikistan,2017,52.698245151
Tajikistan,2018,64.480802217
Tajikistan,2019,69.943264283
Tajikistan,2020,69.943264283
Tajikistan,2021,69.943264283
Tajikistan,2022,69.943264283
Thailand,2016,23.013935183
Thailand,2017,23.013935183
Thailand,2018,23.013935183
Thailand,2019,23.013935183
Thailand,2020,23.013935183
Thailand,2021,23.013935183
Thailand,2022,23.013935183
Timor-Leste,2016,28.268210323
Timor-Leste,2017,28.268210323
Timor-Leste,2018,28.268210323
Timor-Leste,2019,28.268210323
Timor-Leste,2020,28.268210323
Timor-Leste,2021,28.268210323
Timor-Leste,2022,28.268210323
Togo,2016,3.391634981
Togo,2017,3.391634981
Togo,2018,3.391634981
Togo,2019,3.391634981
Togo,2020,3.391634981
Togo,2021,3.391634981
Togo,2022,3.391634981
Trinidad and Tobago,2016,20.326481258
Trinidad and Tobago,2017,20.326481258
Trinidad and Tobago,2018,20.326481258
Trinidad and Tobago,2019,20.326481258
Trinidad and Tobago,2020,20.326481258
Trinidad and Tobago,2021,20.326481258
Trinidad and Tobago,2022,20.326481258
Tunisia,2016,94.609349212
Tunisia,2017,89.531015921
Tunisia,2018,95.9987812
Tunisia,2019,96.310590864
Tunisia,2020,98.113399182
Tunisia,2021,98.113399182
Tunisia,2022,98.113399182
Turkmenistan,2016,144.861926842
Turkmenistan,2017,148.666666667
Turkmenistan,2018,138.485316847
Turkmenistan,2019,142.751674395
Turkmenistan,2020,135.213807316
Turkmenistan,2021,135.213807316
Turkmenistan,2022,135.213807316
Türkiye,2016,44.276907079
Türkiye,2017,43.667076432
Türkiye,2018,45.378875436
Türkiye,2019,46.301582114
Türkiye,2020,46.128099235
Türkiye,2021,43.378147515
Türkiye,2022,47.886533462
Uganda,2016,5.82799634
Uganda,2017,5.82799634
Uganda,2018,5.82799634
Uganda,2019,5.82799634
Uganda,2020,5.82799634
Uganda,2021,5.82799634
Uganda,2022,5.82799634
Ukraine,2016,12.082145634
Ukraine,2017,13.87017362
Ukraine,2018,13.87017362
Ukraine,2019,13.728945323
Ukraine,2020,12.255765742
Ukraine,2021,10.84102099
Ukraine,2022,6.298134232
United Arab Emirates,2016,1679.333333333
United Arab Emirates,2017,1630.0
United Arab Emirates,2018,1667.333333333
United Arab Emirates,2019,1628.666666667
United Arab Emirates,2020,1587.333333333
United Arab Emirates,2021,1533.333333333
United Arab Emirates,2022,1509.933333333
United Kingdom of Great Britain and Northern Ireland,2016,14.354646206
United Kingdom of Great Britain and Northern Ireland,2017,14.354646206
United Kingdom of Great Britain and Northern Ireland,2018,14.354646206
United Kingdom of Great Britain and Northern Ireland,2019,14.354646206
United Kingdom of Great Britain and Northern Ireland,2020,14.354646206
United Kingdom of Great Britain and Northern Ireland,2021,14.354646206
United Kingdom of Great Britain and Northern Ireland,2022,14.354646206
United Republic of Tanzania,2016,12.96324081
United Republic of Tanzania,2017,12.96324081
United Republic of Tanzania,2018,12.96324081
United Republic of Tanzania,2019,12.96324081
United Republic of Tanzania,2020,12.96324081
United Republic of Tanzania,2021,12.96324081
United Republic of Tanzania,2022,12.96324081
United States of America,2016,28.155259823
United States of America,2017,28.155259823
United States of America,2018,28.155259823
United States of America,2019,28.155259823
United States of America,2020,28.155259823
United States of America,2021,28.155259823
United States of America,2022,28.155259823
Uruguay,2016,11.262795196
Uruguay,2017,11.355088879
Uruguay,2018,11.447382563
Uruguay,2019,11.539676247
Uruguay,2020,11.631969931
Uruguay,2021,11.815761495
Uruguay,2022,12.052014372
Uzbekistan,2016,156.446802409
Uzbekistan,2017,168.924577
Uzbekistan,2018,160.384284485
Uzbekistan,2019,151.84399197
Uzbekistan,2020,143.389733295
Uzbekistan,2021,121.881273301
Uzbekistan,2022,123.028391167
Venezuela (Bolivarian Republic of),2016,7.540366667
Venezuela (Bolivarian Republic of),2017,7.540366667
Venezuela (Bolivarian Republic of),2018,7.540366667
Venezuela (Bolivarian Republic of),2019,7.540366667
Venezuela (Bolivarian Republic of),2020,7.540366667
Venezuela (Bolivarian Republic of),2021,7.540366667
Venezuela (Bolivarian Republic of),2022,7.540366667
Viet Nam,2016,18.130315379
Viet Nam,2017,18.130315379
Viet Nam,2018,18.130315379
Viet Nam,2019,18.130315379
Viet Nam,2020,18.130315379
Viet Nam,2021,18.130315379
Viet Nam,2022,18.130315379
Western Asia,2016,61.090463827
Western Asia,2017,62.605091794
Western Asia,2018,60.015613099
Western Asia,2019,69.381816195
Western Asia,2020,64.906973134
Western Asia,2021,62.923586948
Western Asia,2022,65.106578974
World,2016,18.197539114
World,2017,18.347950356
World,2018,18.266476572
World,2019,18.26692169
World,2020,18.142429344
World,2021,18.019962185
World,2022,18.044992067
Yemen,2016,169.761904762
Yemen,2017,169.761904762
Yemen,2018,169.761904762
Yemen,2019,169.761904762
Yemen,2020,169.761904762
Yemen,2021,169.761904762
Yemen,2022,169.761904762
Zambia,2016,2.835497836
Zambia,2017,2.835497836
Zambia,2018,2.835497836
Zambia,2019,2.835497836
Zambia,2020,2.835497836
Zambia,2021,2.835497836
Zambia,2022,2.835497836
Zimbabwe,2016,31.937664288
Zimbabwe,2017,31.346226061
Zimbabwe,2018,35.405385383
Zimbabwe,2019,39.769661782
Zimbabwe,2020,46.091620306
Zimbabwe,2021,46.091620306
Zimbabwe,2022,46.091620306
