ISO3,Country,Area,Indicator,Value Text,Count,Share (%)
ALB,Albania,Urban,ATH09,No,62,25.0
AGO,Angola,Urban,ATH09,No,62,25.0
ARG,Argentina,Urban,ATH09,Partially,81,32.7
AZE,Azerbaijan,Urban,ATH09,Fully,86,34.7
BHR,Bahrain,Urban,ATH09,Fully,86,34.7
BGD,Bangladesh,Urban,ATH09,No response,19,7.7
BRB,Barbados,Urban,ATH09,Partially,81,32.7
BLR,Belarus,Urban,ATH09,Fully,86,34.7
BLZ,Belize,Urban,ATH09,No,62,25.0
BEN,Benin,Urban,ATH09,Partially,81,32.7
BTN,Bhutan,Urban,ATH09,No,62,25.0
BOL,Bolivia (Plurinational State of),Urban,ATH09,Fully,86,34.7
BIH,Bosnia and Herzegovina,Urban,ATH09,No response,19,7.7
BWA,Botswana,Urban,ATH09,No response,19,7.7
BRA,Brazil,Urban,ATH09,Partially,81,32.7
VGB,British Virgin Islands,Urban,ATH09,No,62,25.0
BFA,Burkina Faso,Urban,ATH09,No,62,25.0
BDI,Burundi,Urban,ATH09,No,62,25.0
CPV,Cabo Verde,Urban,ATH09,Fully,86,34.7
KHM,Cambodia,Urban,ATH09,No response,19,7.7
CMR,Cameroon,Urban,ATH09,Fully,86,34.7
CAF,Central African Republic,Urban,ATH09,Partially,81,32.7
TCD,Chad,Urban,ATH09,Partially,81,32.7
CHL,Chile,Urban,ATH09,Fully,86,34.7
CHN,China,Urban,ATH09,Partially,81,32.7
COL,Colombia,Urban,ATH09,Fully,86,34.7
COM,Comoros,Urban,ATH09,No,62,25.0
COG,Congo,Urban,ATH09,Partially,81,32.7
CRI,Costa Rica,Urban,ATH09,Fully,86,34.7
CIV,Côte d'Ivoire,Urban,ATH09,No response,19,7.7
HRV,Croatia,Urban,ATH09,Fully,86,34.7
CUB,Cuba,Urban,ATH09,No,62,25.0
COD,Democratic Republic of the Congo,Urban,ATH09,No,62,25.0
DOM,Dominican Republic,Urban,ATH09,No response,19,7.7
ECU,Ecuador,Urban,ATH09,Fully,86,34.7
EGY,Egypt,Urban,ATH09,Partially,81,32.7
SLV,El Salvador,Urban,ATH09,No,62,25.0
ERI,Eritrea,Urban,ATH09,Partially,81,32.7
EST,Estonia,Urban,ATH09,Fully,86,34.7
ETH,Ethiopia,Urban,ATH09,Partially,81,32.7
FJI,Fiji,Urban,ATH09,Fully,86,34.7
GAB,Gabon,Urban,ATH09,No,62,25.0
GMB,Gambia,Urban,ATH09,No,62,25.0
GEO,Georgia,Urban,ATH09,Fully,86,34.7
GHA,Ghana,Urban,ATH09,Partially,81,32.7
GRC,Greece,Urban,ATH09,Fully,86,34.7
GRD,Grenada,Urban,ATH09,No response,19,7.7
GTM,Guatemala,Urban,ATH09,Partially,81,32.7
GIN,Guinea,Urban,ATH09,Partially,81,32.7
GUY,Guyana,Urban,ATH09,No,62,25.0
HTI,Haiti,Urban,ATH09,No,62,25.0
HND,Honduras,Urban,ATH09,Fully,86,34.7
HUN,Hungary,Urban,ATH09,Fully,86,34.7
IDN,Indonesia,Urban,ATH09,No,62,25.0
IRN,Iran (Islamic Republic of),Urban,ATH09,Partially,81,32.7
IRQ,Iraq,Urban,ATH09,Fully,86,34.7
ITA,Italy,Urban,ATH09,Partially,81,32.7
JAM,Jamaica,Urban,ATH09,No,62,25.0
JOR,Jordan,Urban,ATH09,Fully,86,34.7
KAZ,Kazakhstan,Urban,ATH09,Fully,86,34.7
KEN,Kenya,Urban,ATH09,Fully,86,34.7
KWT,Kuwait,Urban,ATH09,Fully,86,34.7
KGZ,Kyrgyzstan,Urban,ATH09,Fully,86,34.7
LAO,Lao People's Democratic Republic,Urban,ATH09,Fully,86,34.7
LBN,Lebanon,Urban,ATH09,Partially,81,32.7
LSO,Lesotho,Urban,ATH09,Partially,81,32.7
LBR,Liberia,Urban,ATH09,No,62,25.0
MDG,Madagascar,Urban,ATH09,Partially,81,32.7
MWI,Malawi,Urban,ATH09,Partially,81,32.7
MDV,Maldives,Urban,ATH09,Partially,81,32.7
MLI,Mali,Urban,ATH09,Fully,86,34.7
MHL,Marshall Islands,Urban,ATH09,No response,19,7.7
MRT,Mauritania,Urban,ATH09,No,62,25.0
MUS,Mauritius,Urban,ATH09,Partially,81,32.7
MEX,Mexico,Urban,ATH09,No response,19,7.7
MNG,Mongolia,Urban,ATH09,Partially,81,32.7
MNE,Montenegro,Urban,ATH09,Partially,81,32.7
MAR,Morocco,Urban,ATH09,Fully,86,34.7
MOZ,Mozambique,Urban,ATH09,Fully,86,34.7
NAM,Namibia,Urban,ATH09,No,62,25.0
NPL,Nepal,Urban,ATH09,No,62,25.0
NIC,Nicaragua,Urban,ATH09,Fully,86,34.7
NER,Niger,Urban,ATH09,Fully,86,34.7
NGA,Nigeria,Urban,ATH09,Partially,81,32.7
NOR,Norway,Urban,ATH09,Fully,86,34.7
PSE,"occupied Palestinian territory, including east Jerusalem",Urban,ATH09,Fully,86,34.7
OMN,Oman,Urban,ATH09,Fully,86,34.7
PAK,Pakistan,Urban,ATH09,Fully,86,34.7
PAN,Panama,Urban,ATH09,No,62,25.0
PNG,Papua New Guinea,Urban,ATH09,Partially,81,32.7
PRY,Paraguay,Urban,ATH09,Partially,81,32.7
PER,Peru,Urban,ATH09,No,62,25.0
PHL,Philippines,Urban,ATH09,Partially,81,32.7
ROU,Romania,Urban,ATH09,Fully,86,34.7
LCA,Saint Lucia,Urban,ATH09,No,62,25.0
STP,Sao Tome and Principe,Urban,ATH09,Fully,86,34.7
SEN,Senegal,Urban,ATH09,No response,19,7.7
SRB,Serbia,Urban,ATH09,Fully,86,34.7
SYC,Seychelles,Urban,ATH09,No,62,25.0
SLE,Sierra Leone,Urban,ATH09,No,62,25.0
SLB,Solomon Islands,Urban,ATH09,Partially,81,32.7
SOM,Somalia,Urban,ATH09,No,62,25.0
ZAF,South Africa,Urban,ATH09,Fully,86,34.7
SSD,South Sudan,Urban,ATH09,Partially,81,32.7
LKA,Sri Lanka,Urban,ATH09,Partially,81,32.7
SDN,Sudan,Urban,ATH09,Partially,81,32.7
SYR,Syrian Arab Republic,Urban,ATH09,Fully,86,34.7
TJK,Tajikistan,Urban,ATH09,No,62,25.0
THA,Thailand,Urban,ATH09,Fully,86,34.7
TLS,Timor-Leste,Urban,ATH09,Fully,86,34.7
TGO,Togo,Urban,ATH09,Partially,81,32.7
TTO,Trinidad and Tobago,Urban,ATH09,Partially,81,32.7
TUN,Tunisia,Urban,ATH09,Partially,81,32.7
TKM,Turkmenistan,Urban,ATH09,Fully,86,34.7
TUV,Tuvalu,Urban,ATH09,Partially,81,32.7
UGA,Uganda,Urban,ATH09,Fully,86,34.7
UKR,Ukraine,Urban,ATH09,No,62,25.0
TZA,United Republic of Tanzania,Urban,ATH09,Fully,86,34.7
URY,Uruguay,Urban,ATH09,No,62,25.0
UZB,Uzbekistan,Urban,ATH09,Fully,86,34.7
VNM,Viet Nam,Urban,ATH09,Fully,86,34.7
YEM,Yemen,Urban,ATH09,Partially,81,32.7
ZMB,Zambia,Urban,ATH09,Fully,86,34.7
ZWE,Zimbabwe,Urban,ATH09,No,62,25.0
ALB,Albania,Rural,ATH09,No,84,33.9
AGO,Angola,Rural,ATH09,No,84,33.9
ARG,Argentina,Rural,ATH09,No,84,33.9
AZE,Azerbaijan,Rural,ATH09,Fully,58,23.4
BHR,Bahrain,Rural,ATH09,Fully,58,23.4
BGD,Bangladesh,Rural,ATH09,No response,28,11.3
BRB,Barbados,Rural,ATH09,Partially,78,31.5
BLR,Belarus,Rural,ATH09,Fully,58,23.4
BLZ,Belize,Rural,ATH09,No,84,33.9
BEN,Benin,Rural,ATH09,No,84,33.9
BTN,Bhutan,Rural,ATH09,No,84,33.9
BOL,Bolivia (Plurinational State of),Rural,ATH09,No response,28,11.3
BIH,Bosnia and Herzegovina,Rural,ATH09,No response,28,11.3
BWA,Botswana,Rural,ATH09,No response,28,11.3
BRA,Brazil,Rural,ATH09,No,84,33.9
VGB,British Virgin Islands,Rural,ATH09,No,84,33.9
BFA,Burkina Faso,Rural,ATH09,No,84,33.9
BDI,Burundi,Rural,ATH09,No,84,33.9
CPV,Cabo Verde,Rural,ATH09,Fully,58,23.4
KHM,Cambodia,Rural,ATH09,No response,28,11.3
CMR,Cameroon,Rural,ATH09,Fully,58,23.4
CAF,Central African Republic,Rural,ATH09,Partially,78,31.5
TCD,Chad,Rural,ATH09,Partially,78,31.5
CHL,Chile,Rural,ATH09,No,84,33.9
CHN,China,Rural,ATH09,Partially,78,31.5
COL,Colombia,Rural,ATH09,Fully,58,23.4
COM,Comoros,Rural,ATH09,No,84,33.9
COG,Congo,Rural,ATH09,Partially,78,31.5
CRI,Costa Rica,Rural,ATH09,Fully,58,23.4
CIV,Côte d'Ivoire,Rural,ATH09,No response,28,11.3
HRV,Croatia,Rural,ATH09,Fully,58,23.4
CUB,Cuba,Rural,ATH09,No,84,33.9
COD,Democratic Republic of the Congo,Rural,ATH09,No,84,33.9
DOM,Dominican Republic,Rural,ATH09,No response,28,11.3
ECU,Ecuador,Rural,ATH09,Fully,58,23.4
EGY,Egypt,Rural,ATH09,Partially,78,31.5
SLV,El Salvador,Rural,ATH09,No,84,33.9
ERI,Eritrea,Rural,ATH09,Partially,78,31.5
EST,Estonia,Rural,ATH09,Fully,58,23.4
ETH,Ethiopia,Rural,ATH09,Partially,78,31.5
FJI,Fiji,Rural,ATH09,Partially,78,31.5
GAB,Gabon,Rural,ATH09,No,84,33.9
GMB,Gambia,Rural,ATH09,No,84,33.9
GEO,Georgia,Rural,ATH09,Partially,78,31.5
GHA,Ghana,Rural,ATH09,No response,28,11.3
GRC,Greece,Rural,ATH09,Fully,58,23.4
GRD,Grenada,Rural,ATH09,No response,28,11.3
GTM,Guatemala,Rural,ATH09,Partially,78,31.5
GIN,Guinea,Rural,ATH09,Partially,78,31.5
GUY,Guyana,Rural,ATH09,No,84,33.9
HTI,Haiti,Rural,ATH09,No,84,33.9
HND,Honduras,Rural,ATH09,Fully,58,23.4
HUN,Hungary,Rural,ATH09,Fully,58,23.4
IDN,Indonesia,Rural,ATH09,No,84,33.9
IRN,Iran (Islamic Republic of),Rural,ATH09,Partially,78,31.5
IRQ,Iraq,Rural,ATH09,Fully,58,23.4
ITA,Italy,Rural,ATH09,Partially,78,31.5
JAM,Jamaica,Rural,ATH09,No response,28,11.3
JOR,Jordan,Rural,ATH09,Fully,58,23.4
KAZ,Kazakhstan,Rural,ATH09,Fully,58,23.4
KEN,Kenya,Rural,ATH09,No,84,33.9
KWT,Kuwait,Rural,ATH09,No response,28,11.3
KGZ,Kyrgyzstan,Rural,ATH09,Fully,58,23.4
LAO,Lao People's Democratic Republic,Rural,ATH09,Partially,78,31.5
LBN,Lebanon,Rural,ATH09,Partially,78,31.5
LSO,Lesotho,Rural,ATH09,No response,28,11.3
LBR,Liberia,Rural,ATH09,No,84,33.9
MDG,Madagascar,Rural,ATH09,Partially,78,31.5
MWI,Malawi,Rural,ATH09,No,84,33.9
MDV,Maldives,Rural,ATH09,Partially,78,31.5
MLI,Mali,Rural,ATH09,Fully,58,23.4
MHL,Marshall Islands,Rural,ATH09,No response,28,11.3
MRT,Mauritania,Rural,ATH09,Partially,78,31.5
MUS,Mauritius,Rural,ATH09,Partially,78,31.5
MEX,Mexico,Rural,ATH09,No response,28,11.3
MNG,Mongolia,Rural,ATH09,Partially,78,31.5
MNE,Montenegro,Rural,ATH09,No,84,33.9
MAR,Morocco,Rural,ATH09,Fully,58,23.4
MOZ,Mozambique,Rural,ATH09,Partially,78,31.5
NAM,Namibia,Rural,ATH09,No,84,33.9
NPL,Nepal,Rural,ATH09,No,84,33.9
NIC,Nicaragua,Rural,ATH09,No,84,33.9
NER,Niger,Rural,ATH09,Fully,58,23.4
NGA,Nigeria,Rural,ATH09,Partially,78,31.5
NOR,Norway,Rural,ATH09,Fully,58,23.4
PSE,"occupied Palestinian territory, including east Jerusalem",Rural,ATH09,Fully,58,23.4
OMN,Oman,Rural,ATH09,Fully,58,23.4
PAK,Pakistan,Rural,ATH09,Fully,58,23.4
PAN,Panama,Rural,ATH09,No,84,33.9
PNG,Papua New Guinea,Rural,ATH09,Partially,78,31.5
PRY,Paraguay,Rural,ATH09,Partially,78,31.5
PER,Peru,Rural,ATH09,No,84,33.9
PHL,Philippines,Rural,ATH09,No,84,33.9
ROU,Romania,Rural,ATH09,Fully,58,23.4
LCA,Saint Lucia,Rural,ATH09,No,84,33.9
STP,Sao Tome and Principe,Rural,ATH09,Partially,78,31.5
SEN,Senegal,Rural,ATH09,No response,28,11.3
SRB,Serbia,Rural,ATH09,Fully,58,23.4
SYC,Seychelles,Rural,ATH09,No,84,33.9
SLE,Sierra Leone,Rural,ATH09,No,84,33.9
SLB,Solomon Islands,Rural,ATH09,No,84,33.9
SOM,Somalia,Rural,ATH09,No,84,33.9
ZAF,South Africa,Rural,ATH09,Fully,58,23.4
SSD,South Sudan,Rural,ATH09,Partially,78,31.5
LKA,Sri Lanka,Rural,ATH09,Partially,78,31.5
SDN,Sudan,Rural,ATH09,Partially,78,31.5
SYR,Syrian Arab Republic,Rural,ATH09,Fully,58,23.4
TJK,Tajikistan,Rural,ATH09,No,84,33.9
THA,Thailand,Rural,ATH09,Fully,58,23.4
TLS,Timor-Leste,Rural,ATH09,Fully,58,23.4
TGO,Togo,Rural,ATH09,No,84,33.9
TTO,Trinidad and Tobago,Rural,ATH09,Partially,78,31.5
TUN,Tunisia,Rural,ATH09,Partially,78,31.5
TKM,Turkmenistan,Rural,ATH09,Fully,58,23.4
TUV,Tuvalu,Rural,ATH09,Partially,78,31.5
UGA,Uganda,Rural,ATH09,Fully,58,23.4
UKR,Ukraine,Rural,ATH09,No,84,33.9
TZA,United Republic of Tanzania,Rural,ATH09,Partially,78,31.5
URY,Uruguay,Rural,ATH09,No,84,33.9
UZB,Uzbekistan,Rural,ATH09,Partially,78,31.5
VNM,Viet Nam,Rural,ATH09,Partially,78,31.5
YEM,Yemen,Rural,ATH09,No,84,33.9
ZMB,Zambia,Rural,ATH09,Partially,78,31.5
ZWE,Zimbabwe,Rural,ATH09,No,84,33.9
ALB,Albania,Urban,ATH10,Fully,86,34.7
AGO,Angola,Urban,ATH10,No,62,25.0
ARG,Argentina,Urban,ATH10,Partially,81,32.7
AZE,Azerbaijan,Urban,ATH10,Fully,86,34.7
BHR,Bahrain,Urban,ATH10,Partially,81,32.7
BGD,Bangladesh,Urban,ATH10,No response,19,7.7
BRB,Barbados,Urban,ATH10,Partially,81,32.7
BLR,Belarus,Urban,ATH10,Fully,86,34.7
BLZ,Belize,Urban,ATH10,No,62,25.0
BEN,Benin,Urban,ATH10,Partially,81,32.7
BTN,Bhutan,Urban,ATH10,No,62,25.0
BOL,Bolivia (Plurinational State of),Urban,ATH10,Fully,86,34.7
BIH,Bosnia and Herzegovina,Urban,ATH10,No response,19,7.7
BWA,Botswana,Urban,ATH10,No response,19,7.7
BRA,Brazil,Urban,ATH10,Partially,81,32.7
VGB,British Virgin Islands,Urban,ATH10,No,62,25.0
BFA,Burkina Faso,Urban,ATH10,No,62,25.0
BDI,Burundi,Urban,ATH10,No,62,25.0
CPV,Cabo Verde,Urban,ATH10,Fully,86,34.7
KHM,Cambodia,Urban,ATH10,No response,19,7.7
CMR,Cameroon,Urban,ATH10,Partially,81,32.7
CAF,Central African Republic,Urban,ATH10,Partially,81,32.7
TCD,Chad,Urban,ATH10,Partially,81,32.7
CHL,Chile,Urban,ATH10,Fully,86,34.7
CHN,China,Urban,ATH10,Partially,81,32.7
COL,Colombia,Urban,ATH10,Fully,86,34.7
COM,Comoros,Urban,ATH10,No,62,25.0
COG,Congo,Urban,ATH10,Partially,81,32.7
CRI,Costa Rica,Urban,ATH10,Fully,86,34.7
CIV,Côte d'Ivoire,Urban,ATH10,No response,19,7.7
HRV,Croatia,Urban,ATH10,Fully,86,34.7
CUB,Cuba,Urban,ATH10,Fully,86,34.7
COD,Democratic Republic of the Congo,Urban,ATH10,No,62,25.0
DOM,Dominican Republic,Urban,ATH10,No response,19,7.7
ECU,Ecuador,Urban,ATH10,Fully,86,34.7
EGY,Egypt,Urban,ATH10,No,62,25.0
SLV,El Salvador,Urban,ATH10,Partially,81,32.7
ERI,Eritrea,Urban,ATH10,Partially,81,32.7
EST,Estonia,Urban,ATH10,Fully,86,34.7
ETH,Ethiopia,Urban,ATH10,Partially,81,32.7
FJI,Fiji,Urban,ATH10,Partially,81,32.7
GAB,Gabon,Urban,ATH10,No,62,25.0
GMB,Gambia,Urban,ATH10,No,62,25.0
GEO,Georgia,Urban,ATH10,Fully,86,34.7
GHA,Ghana,Urban,ATH10,Partially,81,32.7
GRC,Greece,Urban,ATH10,Fully,86,34.7
GRD,Grenada,Urban,ATH10,No response,19,7.7
GTM,Guatemala,Urban,ATH10,Partially,81,32.7
GIN,Guinea,Urban,ATH10,Partially,81,32.7
GUY,Guyana,Urban,ATH10,No,62,25.0
HTI,Haiti,Urban,ATH10,No,62,25.0
HND,Honduras,Urban,ATH10,Partially,81,32.7
HUN,Hungary,Urban,ATH10,Fully,86,34.7
IDN,Indonesia,Urban,ATH10,No,62,25.0
IRN,Iran (Islamic Republic of),Urban,ATH10,Partially,81,32.7
IRQ,Iraq,Urban,ATH10,No,62,25.0
ITA,Italy,Urban,ATH10,Fully,86,34.7
JAM,Jamaica,Urban,ATH10,Partially,81,32.7
JOR,Jordan,Urban,ATH10,Partially,81,32.7
KAZ,Kazakhstan,Urban,ATH10,Fully,86,34.7
KEN,Kenya,Urban,ATH10,Fully,86,34.7
KWT,Kuwait,Urban,ATH10,Fully,86,34.7
KGZ,Kyrgyzstan,Urban,ATH10,Partially,81,32.7
LAO,Lao People's Democratic Republic,Urban,ATH10,Fully,86,34.7
LBN,Lebanon,Urban,ATH10,Partially,81,32.7
LSO,Lesotho,Urban,ATH10,Fully,86,34.7
LBR,Liberia,Urban,ATH10,No,62,25.0
MDG,Madagascar,Urban,ATH10,No,62,25.0
MWI,Malawi,Urban,ATH10,Partially,81,32.7
MDV,Maldives,Urban,ATH10,No,62,25.0
MLI,Mali,Urban,ATH10,Fully,86,34.7
MHL,Marshall Islands,Urban,ATH10,Fully,86,34.7
MRT,Mauritania,Urban,ATH10,No,62,25.0
MUS,Mauritius,Urban,ATH10,Partially,81,32.7
MEX,Mexico,Urban,ATH10,No response,19,7.7
MNG,Mongolia,Urban,ATH10,Partially,81,32.7
MNE,Montenegro,Urban,ATH10,Partially,81,32.7
MAR,Morocco,Urban,ATH10,Fully,86,34.7
MOZ,Mozambique,Urban,ATH10,Fully,86,34.7
NAM,Namibia,Urban,ATH10,No,62,25.0
NPL,Nepal,Urban,ATH10,No,62,25.0
NIC,Nicaragua,Urban,ATH10,Fully,86,34.7
NER,Niger,Urban,ATH10,Fully,86,34.7
NGA,Nigeria,Urban,ATH10,Partially,81,32.7
NOR,Norway,Urban,ATH10,Fully,86,34.7
PSE,"occupied Palestinian territory, including east Jerusalem",Urban,ATH10,Fully,86,34.7
OMN,Oman,Urban,ATH10,Fully,86,34.7
PAK,Pakistan,Urban,ATH10,Fully,86,34.7
PAN,Panama,Urban,ATH10,No,62,25.0
PNG,Papua New Guinea,Urban,ATH10,No,62,25.0
PRY,Paraguay,Urban,ATH10,Partially,81,32.7
PER,Peru,Urban,ATH10,Partially,81,32.7
PHL,Philippines,Urban,ATH10,Partially,81,32.7
ROU,Romania,Urban,ATH10,Fully,86,34.7
LCA,Saint Lucia,Urban,ATH10,No,62,25.0
STP,Sao Tome and Principe,Urban,ATH10,No,62,25.0
SEN,Senegal,Urban,ATH10,No response,19,7.7
SRB,Serbia,Urban,ATH10,Fully,86,34.7
SYC,Seychelles,Urban,ATH10,No,62,25.0
SLE,Sierra Leone,Urban,ATH10,Partially,81,32.7
SLB,Solomon Islands,Urban,ATH10,Partially,81,32.7
SOM,Somalia,Urban,ATH10,No,62,25.0
ZAF,South Africa,Urban,ATH10,Partially,81,32.7
SSD,South Sudan,Urban,ATH10,Partially,81,32.7
LKA,Sri Lanka,Urban,ATH10,Partially,81,32.7
SDN,Sudan,Urban,ATH10,Partially,81,32.7
SYR,Syrian Arab Republic,Urban,ATH10,Partially,81,32.7
TJK,Tajikistan,Urban,ATH10,No,62,25.0
THA,Thailand,Urban,ATH10,Fully,86,34.7
TLS,Timor-Leste,Urban,ATH10,Fully,86,34.7
TGO,Togo,Urban,ATH10,Partially,81,32.7
TTO,Trinidad and Tobago,Urban,ATH10,No,62,25.0
TUN,Tunisia,Urban,ATH10,Partially,81,32.7
TKM,Turkmenistan,Urban,ATH10,Fully,86,34.7
TUV,Tuvalu,Urban,ATH10,Partially,81,32.7
UGA,Uganda,Urban,ATH10,Fully,86,34.7
UKR,Ukraine,Urban,ATH10,Partially,81,32.7
TZA,United Republic of Tanzania,Urban,ATH10,Fully,86,34.7
URY,Uruguay,Urban,ATH10,No,62,25.0
UZB,Uzbekistan,Urban,ATH10,Fully,86,34.7
VNM,Viet Nam,Urban,ATH10,Partially,81,32.7
YEM,Yemen,Urban,ATH10,Partially,81,32.7
ZMB,Zambia,Urban,ATH10,Fully,86,34.7
ZWE,Zimbabwe,Urban,ATH10,No,62,25.0
ALB,Albania,Rural,ATH10,Fully,58,23.4
AGO,Angola,Rural,ATH10,No,84,33.9
ARG,Argentina,Rural,ATH10,No,84,33.9
AZE,Azerbaijan,Rural,ATH10,Fully,58,23.4
BHR,Bahrain,Rural,ATH10,Partially,78,31.5
BGD,Bangladesh,Rural,ATH10,No response,28,11.3
BRB,Barbados,Rural,ATH10,Partially,78,31.5
BLR,Belarus,Rural,ATH10,Fully,58,23.4
BLZ,Belize,Rural,ATH10,No,84,33.9
BEN,Benin,Rural,ATH10,No,84,33.9
BTN,Bhutan,Rural,ATH10,No,84,33.9
BOL,Bolivia (Plurinational State of),Rural,ATH10,No response,28,11.3
BIH,Bosnia and Herzegovina,Rural,ATH10,No response,28,11.3
BWA,Botswana,Rural,ATH10,No response,28,11.3
BRA,Brazil,Rural,ATH10,No,84,33.9
VGB,British Virgin Islands,Rural,ATH10,No,84,33.9
BFA,Burkina Faso,Rural,ATH10,No,84,33.9
BDI,Burundi,Rural,ATH10,No,84,33.9
CPV,Cabo Verde,Rural,ATH10,Fully,58,23.4
KHM,Cambodia,Rural,ATH10,No response,28,11.3
CMR,Cameroon,Rural,ATH10,Partially,78,31.5
CAF,Central African Republic,Rural,ATH10,Partially,78,31.5
TCD,Chad,Rural,ATH10,Partially,78,31.5
CHL,Chile,Rural,ATH10,No,84,33.9
CHN,China,Rural,ATH10,Partially,78,31.5
COL,Colombia,Rural,ATH10,Fully,58,23.4
COM,Comoros,Rural,ATH10,No,84,33.9
COG,Congo,Rural,ATH10,Partially,78,31.5
CRI,Costa Rica,Rural,ATH10,Fully,58,23.4
CIV,Côte d'Ivoire,Rural,ATH10,No response,28,11.3
HRV,Croatia,Rural,ATH10,Fully,58,23.4
CUB,Cuba,Rural,ATH10,Fully,58,23.4
COD,Democratic Republic of the Congo,Rural,ATH10,No,84,33.9
DOM,Dominican Republic,Rural,ATH10,No response,28,11.3
ECU,Ecuador,Rural,ATH10,Fully,58,23.4
EGY,Egypt,Rural,ATH10,No,84,33.9
SLV,El Salvador,Rural,ATH10,No,84,33.9
ERI,Eritrea,Rural,ATH10,Partially,78,31.5
EST,Estonia,Rural,ATH10,Fully,58,23.4
ETH,Ethiopia,Rural,ATH10,Partially,78,31.5
FJI,Fiji,Rural,ATH10,Partially,78,31.5
GAB,Gabon,Rural,ATH10,No,84,33.9
GMB,Gambia,Rural,ATH10,No,84,33.9
GEO,Georgia,Rural,ATH10,Partially,78,31.5
GHA,Ghana,Rural,ATH10,No response,28,11.3
GRC,Greece,Rural,ATH10,Fully,58,23.4
GRD,Grenada,Rural,ATH10,No response,28,11.3
GTM,Guatemala,Rural,ATH10,Partially,78,31.5
GIN,Guinea,Rural,ATH10,Partially,78,31.5
GUY,Guyana,Rural,ATH10,No,84,33.9
HTI,Haiti,Rural,ATH10,No,84,33.9
HND,Honduras,Rural,ATH10,Partially,78,31.5
HUN,Hungary,Rural,ATH10,Fully,58,23.4
IDN,Indonesia,Rural,ATH10,No,84,33.9
IRN,Iran (Islamic Republic of),Rural,ATH10,Partially,78,31.5
IRQ,Iraq,Rural,ATH10,No,84,33.9
ITA,Italy,Rural,ATH10,Partially,78,31.5
JAM,Jamaica,Rural,ATH10,Partially,78,31.5
JOR,Jordan,Rural,ATH10,Partially,78,31.5
KAZ,Kazakhstan,Rural,ATH10,Fully,58,23.4
KEN,Kenya,Rural,ATH10,No,84,33.9
KWT,Kuwait,Rural,ATH10,No response,28,11.3
KGZ,Kyrgyzstan,Rural,ATH10,Partially,78,31.5
LAO,Lao People's Democratic Republic,Rural,ATH10,Partially,78,31.5
LBN,Lebanon,Rural,ATH10,Partially,78,31.5
LSO,Lesotho,Rural,ATH10,No response,28,11.3
LBR,Liberia,Rural,ATH10,No,84,33.9
MDG,Madagascar,Rural,ATH10,No,84,33.9
MWI,Malawi,Rural,ATH10,No,84,33.9
MDV,Maldives,Rural,ATH10,No,84,33.9
MLI,Mali,Rural,ATH10,Partially,78,31.5
MHL,Marshall Islands,Rural,ATH10,Fully,58,23.4
MRT,Mauritania,Rural,ATH10,Partially,78,31.5
MUS,Mauritius,Rural,ATH10,Partially,78,31.5
MEX,Mexico,Rural,ATH10,No response,28,11.3
MNG,Mongolia,Rural,ATH10,Partially,78,31.5
MNE,Montenegro,Rural,ATH10,No,84,33.9
MAR,Morocco,Rural,ATH10,Fully,58,23.4
MOZ,Mozambique,Rural,ATH10,Partially,78,31.5
NAM,Namibia,Rural,ATH10,No,84,33.9
NPL,Nepal,Rural,ATH10,No,84,33.9
NIC,Nicaragua,Rural,ATH10,No,84,33.9
NER,Niger,Rural,ATH10,Fully,58,23.4
NGA,Nigeria,Rural,ATH10,Partially,78,31.5
NOR,Norway,Rural,ATH10,Fully,58,23.4
PSE,"occupied Palestinian territory, including east Jerusalem",Rural,ATH10,Fully,58,23.4
OMN,Oman,Rural,ATH10,Fully,58,23.4
PAK,Pakistan,Rural,ATH10,Partially,78,31.5
PAN,Panama,Rural,ATH10,No,84,33.9
PNG,Papua New Guinea,Rural,ATH10,No,84,33.9
PRY,Paraguay,Rural,ATH10,Partially,78,31.5
PER,Peru,Rural,ATH10,Partially,78,31.5
PHL,Philippines,Rural,ATH10,No,84,33.9
ROU,Romania,Rural,ATH10,Fully,58,23.4
LCA,Saint Lucia,Rural,ATH10,No,84,33.9
STP,Sao Tome and Principe,Rural,ATH10,No,84,33.9
SEN,Senegal,Rural,ATH10,No response,28,11.3
SRB,Serbia,Rural,ATH10,Fully,58,23.4
SYC,Seychelles,Rural,ATH10,No,84,33.9
SLE,Sierra Leone,Rural,ATH10,Partially,78,31.5
SLB,Solomon Islands,Rural,ATH10,No,84,33.9
SOM,Somalia,Rural,ATH10,No,84,33.9
ZAF,South Africa,Rural,ATH10,Partially,78,31.5
SSD,South Sudan,Rural,ATH10,Partially,78,31.5
LKA,Sri Lanka,Rural,ATH10,Partially,78,31.5
SDN,Sudan,Rural,ATH10,Partially,78,31.5
SYR,Syrian Arab Republic,Rural,ATH10,Partially,78,31.5
TJK,Tajikistan,Rural,ATH10,No,84,33.9
THA,Thailand,Rural,ATH10,Fully,58,23.4
TLS,Timor-Leste,Rural,ATH10,Fully,58,23.4
TGO,Togo,Rural,ATH10,No,84,33.9
TTO,Trinidad and Tobago,Rural,ATH10,No,84,33.9
TUN,Tunisia,Rural,ATH10,Partially,78,31.5
TKM,Turkmenistan,Rural,ATH10,Fully,58,23.4
TUV,Tuvalu,Rural,ATH10,Partially,78,31.5
UGA,Uganda,Rural,ATH10,Fully,58,23.4
UKR,Ukraine,Rural,ATH10,Partially,78,31.5
TZA,United Republic of Tanzania,Rural,ATH10,Partially,78,31.5
URY,Uruguay,Rural,ATH10,No,84,33.9
UZB,Uzbekistan,Rural,ATH10,Fully,58,23.4
VNM,Viet Nam,Rural,ATH10,Partially,78,31.5
YEM,Yemen,Rural,ATH10,No,84,33.9
ZMB,Zambia,Rural,ATH10,Partially,78,31.5
ZWE,Zimbabwe,Rural,ATH10,No,84,33.9
